Method,MSE (mean),MSE (std),PSNR (mean),PSNR (std),SSIM (mean),SSIM (std),Perceptual (mean),Perceptual (std)
Noisy,0.009999725623700809,1.9534524195456898e-05,20.000127368313045,0.00848606040115154,0.4043847147493546,0.12380950950460246,0.5053776057064533,0.15880104044919724
Gaussian,0.0028757634379223164,0.0015792348619261664,25.950254911265873,2.11680285496971,0.6746232370228233,0.05291315240152952,0.525128780901432,0.10819075835869692
Median,0.003710043183798701,0.0016701062862096525,24.64958962585409,1.6606633085032338,0.5745485234771649,0.07059649365024931,0.444923597574234,0.10231113936789489
Wiener,0.002740501486599454,0.0008642524239967276,25.78634164770438,1.1359753109457216,0.6399953334389396,0.07640029193728487,0.3456289227306843,0.09567515197511615
Bayesian Markov,0.009999725623700809,1.9534524195456898e-05,20.000127368313045,0.00848606040115154,0.4043847147493546,0.12380950950460246,0.5053776057064533,0.15880104044919724
NLM,0.0020821748306860937,0.0009939717157784072,27.354294070259808,2.321129655169625,0.7420811695814716,0.07725626525037939,0.26041369218379257,0.0901426473839675
BF,0.0018316266075938002,0.0005499031060139043,27.553666666630043,1.2554711268150442,0.7187163379934575,0.05293706958019834,0.25059747353196143,0.08314494002036929
