Method,MSE (mean),MSE (std),PSNR (mean),PSNR (std),SSIM (mean),SSIM (std)
Noisy,0.009997803611969489,1.0182754484567284e-05,20.000956011755285,0.004424076317496025,0.454448764467757,0.13870414185438862
Gaussian,0.00411958309279253,0.0021053427507595943,24.406667072048002,2.403386714819589,0.6881164387371794,0.05734539621521323
Median,0.00452062549926153,0.0019826784733190006,23.817530523971488,1.8897112652151307,0.6063873843477939,0.08322760272476076
Wiener,0.0028980959349625096,0.0009061905192678661,25.55487523827384,1.2770164017371433,0.6774538051301868,0.085409994756605
Bayesian Markov,0.009997803611969489,1.0182754484567284e-05,20.000956011755285,0.004424076317496025,0.454448764467757,0.13870414185438862
NLM,0.0017284587938441905,0.0008045345937459649,28.08196223339628,2.1557045952461023,0.8205327669000259,0.059910081134687806
BF,0.00187948842193633,0.0005399585849913133,27.4197985279296,1.2436077266088903,0.7490718111161402,0.06414270494579219
