Method,MSE (mean),MSE (std),PSNR (mean),PSNR (std),SSIM (mean),SSIM (std)
Noisy,0.010001407226262773,8.889679466044007e-06,19.999390590533043,0.0038597497494228215,0.4617381069449238,0.11585092363167714
Gaussian,0.004773872520756721,0.002980183674491805,23.96387731857291,2.569043367280506,0.6738171918054561,0.05216461221857092
Median,0.005076544353484283,0.0026045673665272616,23.441445124737303,2.0575695460894265,0.5927834151929353,0.0692403242682554
Wiener,0.003190741404850318,0.0011205523800201008,25.19199699938297,1.3840066348270272,0.6696055601208661,0.06642591238785957
Bayesian Markov,0.010001407226262773,8.889679466044007e-06,19.999390590533043,0.0038597497494228215,0.4617381069449238,0.11585092363167714
NLM,0.0018678394443320393,0.0008203995563966916,27.725138076627736,2.0247210925224213,0.820927990932544,0.060268890330898404
BF,0.0019895650538199875,0.0005235660569980122,27.161112217592628,1.1478860111418365,0.7454850006867774,0.05352424405309086
