Method,MSE (mean),MSE (std),PSNR (mean),PSNR (std),SSIM (mean),SSIM (std)
Noisy,0.00999650312365633,1.5506552814747917e-05,20.001523641655332,0.00673616278543985,0.3856855065538872,0.09975906623363266
Gaussian,0.00258212457565583,0.0011297349604563135,26.233133537679937,1.8317906523225507,0.6909909184370773,0.03680058627292066
Median,0.00343116181871858,0.0011978445784783835,24.864173293458965,1.426282276734523,0.587178845759685,0.048603292630782495
Wiener,0.0025278601288216194,0.0005581784505766432,26.057569281677434,0.8815216142511122,0.647440543892867,0.0558499760839751
Bayesian Markov,0.00999650312365633,1.5506552814747917e-05,20.001523641655332,0.00673616278543985,0.3856855065538872,0.09975906623363266
NLM,0.0019538735511988804,0.0008027056899834954,27.423745035496154,1.8144388314574922,0.7531796156605752,0.05975950389592941
BF,0.0017266589271757698,0.00045140317879352655,27.7563160544467,1.104655791941576,0.7225936081216918,0.03164664064707943
